Job Title,Company,Location
Data Engineer Confirm√©(e) H/F - Lyon,evoteo,Lyon
Back office Data Repository Manager - CDI - Paris,Gireve,S√®vres
DATA SCIENTIST SENIOR,TotalEnergies Digital Factory,Paris
Senior Data Analyst,Ornikar,Paris
Data Engineer (H/F),Wemanity,Lille
Ing√©nieur √©nergie datacenters F/H,Bouygues Telecom,V√©lizy-Villacoublay
Senior Data Manager,Kanbios,Paris
Machine Learning Engineer (f/m/d) - Pricing Analytics- Remote-friendly üöÄ,Free2move,Paris
 Consultant(e) MSBI - Secteur ETEMS F/H ,CGI,Paris
Data Analyst Senior,Exotec,Lille
Ing√©nieur d√©veloppement SCALA / AWS - F/H,CS,Fontaine
Senior Consultant √† Manager ‚Äì Data Management F/H,In Extenso,Paris
Senior Consultant √† Manager ‚Äì Data Governance F/H,In Extenso,Paris
Principal Data Architect (F/H/X),AVIV Group,Paris
Principal Data Architect (F/H/X),SeLoger & Meilleurs Agents,Paris
Data Engineer (H/F),EXTIA,Sophia-Antipolis
Architecte solution Big Data & Datascience - Services Publics - Nantes,Sopra Steria,Nantes
Expert produit Big Data & Data Science - Services Publics - Nantes,Sopra Steria,Nantes
Ing√©nieur Data - Services Publics - Nantes,Sopra Steria,Nantes
Machine Learning Engineer,Lucky Cart,Paris
Consultant BI Confirm√©(e) H/F - Lyon,evoteo,Lyon
Data Analyst Confirm√©(e) H/F - Lyon,evoteo,Lyon
Gestionnaire Data H/F,LEASECOM,Carquefou
Ing√©nieur Data - Services Publics - Nantes,Sopra Steria,Nantes
Data Scientist H/F,Malou,Paris
Data Analyst (H/F),Harry Hope,Nancy
Data Analyst ESG F/H,Bpifrance.io,Maisons-Alfort
D√©veloppeur Big Data F/H,Bpifrance.io,Maisons-Alfort
Ing√©nieur Data,Daveo,Lille
Data Officer (H/F),GROUPE COFIDIS,Villeneuve-d'Ascq
Data Analyst Senior- H/F,NEXTON,Lille
Docteur Data Scientist - F/H,BimBamJob,Paris
Gestionnaire de donn√©es ,Easypicky,Montpellier
ANALYSTE SOC H/F,SysDream,Tremblay-en-France
